epoch,acc,loss,lr,val_acc,val_loss
0,0.5267175436019897,2.8898427486419678,1e-04,0.625,0.9144682884216309
